customer_id,graph_degree,graph_weighted_degree,graph_max_edge_weight,connected_component_id,connected_component_size,num_distinct_devices_used,num_distinct_ips_used
CUST00001,143,149,2,0,2000,14,14
CUST00002,69,70,2,0,2000,11,11
CUST00003,123,124,2,0,2000,11,11
CUST00004,131,135,2,0,2000,8,8
CUST00005,201,216,3,0,2000,13,13
CUST00006,20,20,1,0,2000,5,5
CUST00007,68,68,1,0,2000,11,11
CUST00008,33,33,1,0,2000,5,5
CUST00009,262,289,3,0,2000,10,10
CUST00010,84,87,2,0,2000,12,12
CUST00011,264,293,3,0,2000,14,14
CUST00012,222,238,3,0,2000,14,14
CUST00013,97,99,2,0,2000,6,6
CUST00014,146,151,2,0,2000,14,14
CUST00015,30,30,1,0,2000,5,5
CUST00016,214,228,2,0,2000,15,15
CUST00017,120,123,2,0,2000,8,8
CUST00018,533,785,12,0,2000,4,3
CUST00019,428,605,12,0,2000,4,3
CUST00020,219,229,2,0,2000,12,12
CUST00021,250,275,3,0,2000,10,10
CUST00022,54,55,2,0,2000,8,8
CUST00023,152,157,2,0,2000,12,12
CUST00024,25,25,1,0,2000,5,5
CUST00025,43,43,1,0,2000,9,9
CUST00026,46,47,2,0,2000,7,7
CUST00027,54,54,1,0,2000,9,9
CUST00028,102,104,2,0,2000,7,7
CUST00029,80,82,2,0,2000,13,13
CUST00030,44,45,2,0,2000,6,6
CUST00031,57,57,1,0,2000,10,10
CUST00032,187,193,2,0,2000,11,11
CUST00033,127,130,2,0,2000,10,10
CUST00034,37,38,2,0,2000,6,6
CUST00035,182,188,2,0,2000,6,6
CUST00036,49,50,2,0,2000,7,7
CUST00037,107,109,2,0,2000,15,15
CUST00038,276,297,3,0,2000,13,13
CUST00039,218,231,2,0,2000,14,14
CUST00040,174,183,2,0,2000,10,10
CUST00041,190,196,2,0,2000,10,10
CUST00042,158,165,2,0,2000,5,5
CUST00043,162,174,2,0,2000,12,12
CUST00044,131,135,2,0,2000,10,10
CUST00045,629,984,12,0,2000,4,3
CUST00046,108,109,2,0,2000,6,6
CUST00047,116,119,2,0,2000,9,9
CUST00048,92,93,2,0,2000,12,12
CUST00049,38,38,1,0,2000,6,6
CUST00050,139,145,3,0,2000,11,11
CUST00051,136,139,2,0,2000,10,10
CUST00052,222,236,2,0,2000,13,13
CUST00053,118,120,2,0,2000,6,6
CUST00054,192,206,3,0,2000,8,8
CUST00055,133,140,2,0,2000,12,12
CUST00056,206,223,2,0,2000,15,15
CUST00057,48,51,2,0,2000,5,5
CUST00058,25,25,1,0,2000,5,5
CUST00059,61,62,2,0,2000,9,9
CUST00060,183,191,2,0,2000,6,6
CUST00061,137,138,2,0,2000,13,13
CUST00062,54,54,1,0,2000,10,10
CUST00063,89,92,2,0,2000,15,15
CUST00064,652,1018,12,0,2000,4,3
CUST00065,514,759,12,0,2000,4,3
CUST00066,64,64,1,0,2000,11,11
CUST00067,49,50,2,0,2000,7,7
CUST00068,50,50,1,0,2000,7,7
CUST00069,76,77,2,0,2000,13,13
CUST00070,147,154,2,0,2000,10,10
CUST00071,115,116,2,0,2000,7,7
CUST00072,244,264,3,0,2000,10,10
CUST00073,111,113,2,0,2000,5,5
CUST00074,449,704,10,0,2000,4,3
CUST00075,151,155,2,0,2000,12,12
CUST00076,119,120,2,0,2000,8,8
CUST00077,188,205,3,0,2000,11,11
CUST00078,118,120,2,0,2000,7,7
CUST00079,157,170,2,0,2000,7,7
CUST00080,540,845,12,0,2000,4,3
CUST00081,93,95,2,0,2000,14,14
CUST00082,125,125,1,0,2000,11,11
CUST00083,145,146,2,0,2000,11,11
CUST00084,122,122,1,0,2000,11,11
CUST00085,212,224,2,0,2000,10,10
CUST00086,153,156,2,0,2000,14,14
CUST00087,172,178,2,0,2000,6,6
CUST00088,140,147,2,0,2000,14,14
CUST00089,202,215,2,0,2000,12,12
CUST00090,116,117,2,0,2000,8,8
CUST00091,59,61,2,0,2000,10,10
CUST00092,122,124,2,0,2000,9,9
CUST00093,102,103,2,0,2000,6,6
CUST00094,137,144,3,0,2000,9,9
CUST00095,151,155,2,0,2000,12,12
CUST00096,64,66,2,0,2000,8,8
CUST00097,267,298,3,0,2000,13,13
CUST00098,37,38,2,0,2000,5,5
CUST00099,31,31,1,0,2000,5,5
CUST00100,24,24,1,0,2000,5,5
CUST00101,154,157,2,0,2000,13,13
CUST00102,120,122,2,0,2000,8,8
CUST00103,249,269,3,0,2000,8,8
CUST00104,144,151,2,0,2000,13,13
CUST00105,142,147,2,0,2000,14,15
CUST00106,150,152,2,0,2000,9,9
CUST00107,323,365,4,0,2000,10,10
CUST00108,245,259,2,0,2000,13,13
CUST00109,132,134,2,0,2000,8,8
CUST00110,40,40,1,0,2000,5,5
CUST00111,287,315,3,0,2000,14,14
CUST00112,548,822,11,0,2000,4,3
CUST00113,450,664,10,0,2000,4,3
CUST00114,126,129,2,0,2000,7,7
CUST00115,76,77,2,0,2000,9,9
CUST00116,221,238,3,0,2000,14,14
CUST00117,240,255,2,0,2000,14,14
CUST00118,139,142,2,0,2000,8,8
CUST00119,140,146,2,0,2000,12,12
CUST00120,129,130,2,0,2000,9,9
CUST00121,216,227,2,0,2000,14,14
CUST00122,86,87,2,0,2000,13,13
CUST00123,39,39,1,0,2000,6,6
CUST00124,209,223,3,0,2000,14,14
CUST00125,52,54,2,0,2000,10,10
CUST00126,114,116,3,0,2000,8,8
CUST00127,51,53,2,0,2000,9,9
CUST00128,43,43,1,0,2000,6,6
CUST00129,76,78,2,0,2000,13,13
CUST00130,89,90,2,0,2000,5,5
CUST00131,206,218,3,0,2000,9,9
CUST00132,280,311,3,0,2000,14,14
CUST00133,151,157,2,0,2000,15,15
CUST00134,204,214,2,0,2000,14,14
CUST00135,69,72,2,0,2000,12,12
CUST00136,122,123,2,0,2000,7,7
CUST00137,51,51,1,0,2000,7,7
CUST00138,33,33,1,0,2000,8,8
CUST00139,203,211,2,0,2000,11,11
CUST00140,63,63,1,0,2000,11,11
CUST00141,57,57,1,0,2000,9,9
CUST00142,160,168,3,0,2000,14,14
CUST00143,101,103,2,0,2000,15,15
CUST00144,152,160,2,0,2000,12,12
CUST00145,53,53,1,0,2000,8,8
CUST00146,130,134,2,0,2000,10,10
CUST00147,154,159,2,0,2000,15,15
CUST00148,117,119,2,0,2000,9,9
CUST00149,115,116,2,0,2000,8,8
CUST00150,173,188,2,0,2000,6,6
CUST00151,190,200,2,0,2000,8,8
CUST00152,40,40,1,0,2000,7,7
CUST00153,489,739,10,0,2000,4,3
CUST00154,219,231,3,0,2000,15,15
CUST00155,137,141,2,0,2000,9,9
CUST00156,30,30,1,0,2000,6,6
CUST00157,85,87,2,0,2000,14,14
CUST00158,64,66,3,0,2000,11,11
CUST00159,202,218,2,0,2000,14,14
CUST00160,17,17,1,0,2000,5,5
CUST00161,128,130,2,0,2000,9,9
CUST00162,222,232,2,0,2000,15,15
CUST00163,170,180,2,0,2000,8,8
CUST00164,143,150,2,0,2000,6,6
CUST00165,89,91,2,0,2000,10,10
CUST00166,130,134,2,0,2000,11,11
CUST00167,494,686,10,0,2000,4,3
CUST00168,274,295,2,0,2000,14,14
CUST00169,221,233,2,0,2000,14,14
CUST00170,130,132,2,0,2000,12,12
CUST00171,139,149,3,0,2000,13,13
CUST00172,87,89,2,0,2000,15,15
CUST00173,160,162,2,0,2000,14,14
CUST00174,160,166,2,0,2000,6,6
CUST00175,63,64,2,0,2000,8,8
CUST00176,188,192,2,0,2000,15,15
CUST00177,124,127,2,0,2000,10,10
CUST00178,227,244,3,0,2000,15,15
CUST00179,145,152,2,0,2000,13,13
CUST00180,39,40,2,0,2000,7,7
CUST00181,169,176,2,0,2000,6,6
CUST00182,142,150,2,0,2000,13,13
CUST00183,207,218,2,0,2000,10,10
CUST00184,155,158,2,0,2000,14,14
CUST00185,43,44,2,0,2000,6,6
CUST00186,130,134,2,0,2000,9,9
CUST00187,140,143,2,0,2000,10,10
CUST00188,47,55,2,0,2000,5,5
CUST00189,92,92,1,0,2000,5,5
CUST00190,149,153,2,0,2000,10,10
CUST00191,155,162,2,0,2000,6,6
CUST00192,242,274,3,0,2000,10,10
CUST00193,117,118,2,0,2000,9,9
CUST00194,40,41,2,0,2000,7,7
CUST00195,73,75,2,0,2000,13,13
CUST00196,144,147,2,0,2000,12,12
CUST00197,213,227,2,0,2000,15,15
CUST00198,135,139,2,0,2000,11,11
CUST00199,135,141,3,0,2000,10,10
CUST00200,135,135,1,0,2000,9,9
CUST00201,116,117,2,0,2000,8,8
CUST00202,100,101,2,0,2000,5,5
CUST00203,88,89,2,0,2000,15,15
CUST00204,173,177,2,0,2000,13,13
CUST00205,105,106,2,0,2000,6,6
CUST00206,40,40,1,0,2000,6,6
CUST00207,58,60,2,0,2000,8,8
CUST00208,48,48,1,0,2000,7,7
CUST00209,130,135,2,0,2000,9,9
CUST00210,108,109,2,0,2000,5,5
CUST00211,59,60,2,0,2000,9,9
CUST00212,116,118,2,0,2000,8,8
CUST00213,116,117,2,0,2000,7,7
CUST00214,36,37,2,0,2000,8,8
CUST00215,54,54,1,0,2000,8,8
CUST00216,53,54,2,0,2000,9,9
CUST00217,452,672,11,0,2000,4,3
CUST00218,157,160,2,0,2000,13,13
CUST00219,31,31,1,0,2000,5,5
CUST00220,180,194,2,0,2000,9,9
CUST00221,219,233,3,0,2000,11,11
CUST00222,88,89,2,0,2000,14,14
CUST00223,56,56,1,0,2000,8,8
CUST00224,220,229,2,0,2000,15,15
CUST00225,84,86,2,0,2000,13,13
CUST00226,71,72,2,0,2000,9,9
CUST00227,41,41,1,0,2000,6,6
CUST00228,218,239,3,0,2000,12,13
CUST00229,86,86,1,0,2000,13,13
CUST00230,110,111,2,0,2000,14,14
CUST00231,64,65,2,0,2000,12,12
CUST00232,233,254,4,0,2000,11,11
CUST00233,55,55,1,0,2000,10,10
CUST00234,203,217,2,0,2000,10,10
CUST00235,104,106,2,0,2000,7,7
CUST00236,88,90,2,0,2000,12,11
CUST00237,99,100,2,0,2000,6,6
CUST00238,261,280,3,0,2000,15,15
CUST00239,34,34,1,0,2000,6,6
CUST00240,103,104,2,0,2000,12,12
CUST00241,150,154,2,0,2000,15,15
CUST00242,161,162,2,0,2000,15,15
CUST00243,173,181,3,0,2000,6,6
CUST00244,60,61,2,0,2000,10,11
CUST00245,149,153,2,0,2000,5,5
CUST00246,111,112,2,0,2000,5,5
CUST00247,91,94,2,0,2000,15,15
CUST00248,36,36,1,0,2000,6,6
CUST00249,79,81,2,0,2000,12,12
CUST00250,36,36,1,0,2000,5,5
CUST00251,266,296,3,0,2000,10,10
CUST00252,203,217,2,0,2000,13,13
CUST00253,141,147,2,0,2000,13,13
CUST00254,136,140,2,0,2000,12,12
CUST00255,117,117,1,0,2000,6,6
CUST00256,139,142,2,0,2000,14,14
CUST00257,49,49,1,0,2000,8,8
CUST00258,149,153,2,0,2000,14,14
CUST00259,184,190,2,0,2000,8,8
CUST00260,56,56,1,0,2000,7,7
CUST00261,129,129,1,0,2000,9,9
CUST00262,127,128,2,0,2000,7,7
CUST00263,332,374,3,0,2000,14,14
CUST00264,44,44,1,0,2000,8,8
CUST00265,119,120,2,0,2000,6,6
CUST00266,82,83,2,0,2000,11,11
CUST00267,215,228,2,0,2000,14,14
CUST00268,131,135,2,0,2000,8,8
CUST00269,114,117,2,0,2000,6,6
CUST00270,112,115,2,0,2000,6,6
CUST00271,67,69,2,0,2000,12,12
CUST00272,130,131,2,0,2000,6,6
CUST00273,105,108,2,0,2000,7,7
CUST00274,159,162,2,0,2000,10,10
CUST00275,56,57,2,0,2000,8,8
CUST00276,81,82,2,0,2000,14,14
CUST00277,58,60,2,0,2000,10,10
CUST00278,521,786,10,0,2000,4,3
CUST00279,114,115,2,0,2000,8,8
CUST00280,80,82,2,0,2000,10,10
CUST00281,117,119,2,0,2000,7,7
CUST00282,105,105,1,0,2000,8,8
CUST00283,163,168,2,0,2000,10,10
CUST00284,44,44,1,0,2000,8,8
CUST00285,174,189,2,0,2000,9,9
CUST00286,172,182,2,0,2000,8,8
CUST00287,528,783,11,0,2000,4,3
CUST00288,483,720,11,0,2000,4,3
CUST00289,188,200,2,0,2000,12,12
CUST00290,204,211,2,0,2000,10,10
CUST00291,45,45,1,0,2000,7,7
CUST00292,176,184,2,0,2000,14,14
CUST00293,95,97,2,0,2000,5,5
CUST00294,178,189,2,0,2000,7,7
CUST00295,332,379,3,0,2000,14,14
CUST00296,35,35,1,0,2000,6,6
CUST00297,129,133,2,0,2000,9,9
CUST00298,174,176,2,0,2000,15,15
CUST00299,212,220,2,0,2000,12,12
CUST00300,28,29,2,0,2000,5,5
CUST00301,157,159,2,0,2000,14,14
CUST00302,129,131,2,0,2000,6,6
CUST00303,137,138,2,0,2000,11,11
CUST00304,85,85,1,0,2000,6,6
CUST00305,252,272,3,0,2000,11,11
CUST00306,298,325,3,0,2000,11,11
CUST00307,51,51,1,0,2000,8,8
CUST00308,87,90,2,0,2000,13,13
CUST00309,51,51,1,0,2000,8,8
CUST00310,32,32,1,0,2000,5,5
CUST00311,42,43,2,0,2000,6,6
CUST00312,47,47,1,0,2000,8,8
CUST00313,111,111,1,0,2000,5,5
CUST00314,160,162,2,0,2000,14,14
CUST00315,67,68,2,0,2000,10,10
CUST00316,17,17,1,0,2000,5,5
CUST00317,125,127,2,0,2000,7,7
CUST00318,32,32,1,0,2000,5,5
CUST00319,147,150,2,0,2000,9,9
CUST00320,40,41,2,0,2000,8,8
CUST00321,127,128,2,0,2000,10,10
CUST00322,113,114,2,0,2000,6,6
CUST00323,187,197,2,0,2000,10,10
CUST00324,217,229,2,0,2000,13,13
CUST00325,59,59,1,0,2000,9,9
CUST00326,215,231,3,0,2000,13,13
CUST00327,192,201,2,0,2000,9,9
CUST00328,123,126,2,0,2000,8,8
CUST00329,236,251,2,0,2000,15,15
CUST00330,116,117,2,0,2000,6,6
CUST00331,96,99,2,0,2000,6,6
CUST00332,194,207,2,0,2000,13,13
CUST00333,143,148,2,0,2000,11,11
CUST00334,131,132,2,0,2000,10,10
CUST00335,36,36,1,0,2000,7,7
CUST00336,123,125,2,0,2000,8,8
CUST00337,39,39,1,0,2000,7,7
CUST00338,633,961,14,0,2000,4,3
CUST00339,65,66,2,0,2000,12,12
CUST00340,137,139,2,0,2000,11,11
CUST00341,176,182,2,0,2000,15,15
CUST00342,233,248,2,0,2000,15,15
CUST00343,50,50,1,0,2000,7,7
CUST00344,95,98,2,0,2000,7,7
CUST00345,185,192,2,0,2000,11,11
CUST00346,196,205,2,0,2000,12,12
CUST00347,42,42,1,0,2000,6,6
CUST00348,422,507,4,0,2000,15,15
CUST00349,225,235,2,0,2000,12,12
CUST00350,61,62,2,0,2000,10,10
CUST00351,25,25,1,0,2000,6,6
CUST00352,169,173,2,0,2000,14,14
CUST00353,100,101,2,0,2000,6,6
CUST00354,112,113,2,0,2000,6,6
CUST00355,50,51,2,0,2000,11,11
CUST00356,144,148,2,0,2000,12,12
CUST00357,93,93,1,0,2000,5,5
CUST00358,109,112,2,0,2000,7,7
CUST00359,110,111,2,0,2000,6,6
CUST00360,94,94,1,0,2000,5,5
CUST00361,209,225,2,0,2000,15,15
CUST00362,197,206,2,0,2000,7,7
CUST00363,170,176,3,0,2000,13,13
CUST00364,100,102,2,0,2000,15,15
CUST00365,53,53,1,0,2000,6,6
CUST00366,118,119,2,0,2000,8,8
CUST00367,122,124,2,0,2000,9,9
CUST00368,192,208,3,0,2000,12,12
CUST00369,133,134,2,0,2000,7,7
CUST00370,64,65,2,0,2000,11,11
CUST00371,213,223,2,0,2000,14,14
CUST00372,139,141,2,0,2000,10,10
CUST00373,116,117,2,0,2000,8,8
CUST00374,128,135,3,0,2000,11,11
CUST00375,379,486,11,0,2000,4,3
CUST00376,174,188,2,0,2000,9,9
CUST00377,147,153,2,0,2000,9,9
CUST00378,217,236,2,0,2000,12,12
CUST00379,141,144,2,0,2000,10,10
CUST00380,157,165,3,0,2000,15,15
CUST00381,596,899,12,0,2000,4,3
CUST00382,303,336,3,0,2000,13,13
CUST00383,98,100,2,0,2000,5,5
CUST00384,150,153,2,0,2000,9,9
CUST00385,121,121,1,0,2000,7,7
CUST00386,112,113,2,0,2000,9,9
CUST00387,47,47,1,0,2000,8,8
CUST00388,202,218,3,0,2000,12,12
CUST00389,145,147,2,0,2000,10,10
CUST00390,152,154,2,0,2000,12,12
CUST00391,115,121,2,0,2000,6,6
CUST00392,131,135,2,0,2000,10,10
CUST00393,130,133,2,0,2000,10,10
CUST00394,50,50,1,0,2000,8,8
CUST00395,34,34,1,0,2000,5,5
CUST00396,217,226,2,0,2000,13,13
CUST00397,121,124,2,0,2000,9,9
CUST00398,59,60,2,0,2000,8,8
CUST00399,140,145,2,0,2000,13,13
CUST00400,144,149,2,0,2000,13,13
CUST00401,135,142,2,0,2000,10,10
CUST00402,157,162,2,0,2000,15,15
CUST00403,56,56,1,0,2000,8,8
CUST00404,471,699,10,0,2000,4,3
CUST00405,188,198,2,0,2000,10,10
CUST00406,210,227,2,0,2000,15,15
CUST00407,108,108,1,0,2000,6,6
CUST00408,138,139,2,0,2000,11,11
CUST00409,31,32,2,0,2000,5,5
CUST00410,83,83,1,0,2000,14,13
CUST00411,29,29,1,0,2000,5,5
CUST00412,191,201,2,0,2000,9,9
CUST00413,225,236,3,0,2000,15,15
CUST00414,156,159,2,0,2000,15,15
CUST00415,186,196,2,0,2000,10,10
CUST00416,139,141,2,0,2000,14,14
CUST00417,104,106,2,0,2000,5,5
CUST00418,125,127,2,0,2000,10,10
CUST00419,186,191,2,0,2000,11,11
CUST00420,159,161,2,0,2000,12,12
CUST00421,259,287,3,0,2000,14,14
CUST00422,172,177,2,0,2000,13,13
CUST00423,87,91,2,0,2000,14,14
CUST00424,37,37,1,0,2000,5,5
CUST00425,40,41,2,0,2000,5,5
CUST00426,62,66,3,0,2000,9,9
CUST00427,117,121,2,0,2000,9,9
CUST00428,273,296,3,0,2000,14,14
CUST00429,130,132,2,0,2000,10,10
CUST00430,332,371,4,0,2000,15,15
CUST00431,31,32,2,0,2000,5,5
CUST00432,47,51,2,0,2000,8,8
CUST00433,158,161,2,0,2000,11,11
CUST00434,136,136,1,0,2000,10,10
CUST00435,145,147,2,0,2000,14,14
CUST00436,160,163,2,0,2000,15,15
CUST00437,217,227,2,0,2000,13,13
CUST00438,184,186,2,0,2000,15,15
CUST00439,248,264,2,0,2000,12,12
CUST00440,59,60,2,0,2000,9,9
CUST00441,274,308,3,0,2000,15,15
CUST00442,223,229,2,0,2000,10,10
CUST00443,67,71,2,0,2000,10,10
CUST00444,120,124,3,0,2000,8,8
CUST00445,113,116,2,0,2000,14,14
CUST00446,191,201,2,0,2000,11,11
CUST00447,165,169,2,0,2000,15,15
CUST00448,146,147,2,0,2000,11,11
CUST00449,493,717,10,0,2000,4,3
CUST00450,135,139,2,0,2000,13,13
CUST00451,74,74,1,0,2000,12,12
CUST00452,233,248,2,0,2000,13,13
CUST00453,86,88,2,0,2000,13,13
CUST00454,85,87,2,0,2000,15,15
CUST00455,171,180,2,0,2000,7,7
CUST00456,22,22,1,0,2000,5,5
CUST00457,94,95,2,0,2000,13,13
CUST00458,122,123,2,0,2000,10,10
CUST00459,124,127,2,0,2000,7,7
CUST00460,46,47,2,0,2000,8,8
CUST00461,217,228,2,0,2000,14,14
CUST00462,130,131,2,0,2000,12,12
CUST00463,228,241,2,0,2000,15,15
CUST00464,230,243,2,0,2000,15,15
CUST00465,249,272,3,0,2000,12,12
CUST00466,85,86,2,0,2000,13,13
CUST00467,518,730,10,0,2000,4,3
CUST00468,75,75,1,0,2000,10,10
CUST00469,72,76,2,0,2000,11,11
CUST00470,161,173,2,0,2000,15,15
CUST00471,86,89,2,0,2000,12,12
CUST00472,146,151,2,0,2000,14,14
CUST00473,48,48,1,0,2000,7,7
CUST00474,67,67,1,0,2000,10,10
CUST00475,105,107,2,0,2000,7,7
CUST00476,186,200,3,0,2000,11,11
CUST00477,184,193,2,0,2000,10,10
CUST00478,55,59,3,0,2000,10,10
CUST00479,36,36,1,0,2000,6,6
CUST00480,227,239,3,0,2000,14,14
CUST00481,262,282,3,0,2000,12,12
CUST00482,56,56,1,0,2000,8,8
CUST00483,179,195,3,0,2000,6,6
CUST00484,72,73,2,0,2000,9,9
CUST00485,216,229,3,0,2000,13,13
CUST00486,232,249,2,0,2000,15,15
CUST00487,94,94,1,0,2000,5,5
CUST00488,119,126,2,0,2000,12,12
CUST00489,96,97,2,0,2000,13,13
CUST00490,223,236,2,0,2000,15,15
CUST00491,56,57,2,0,2000,9,9
CUST00492,106,106,1,0,2000,7,7
CUST00493,27,27,1,0,2000,5,5
CUST00494,157,161,2,0,2000,12,12
CUST00495,119,121,2,0,2000,7,7
CUST00496,59,59,1,0,2000,11,11
CUST00497,289,329,4,0,2000,14,14
CUST00498,102,102,1,0,2000,13,13
CUST00499,116,119,2,0,2000,8,8
CUST00500,87,89,2,0,2000,14,14
CUST00501,31,32,2,0,2000,5,5
CUST00502,52,53,2,0,2000,6,6
CUST00503,168,175,2,0,2000,13,13
CUST00504,177,185,2,0,2000,9,9
CUST00505,266,286,2,0,2000,15,15
CUST00506,159,165,2,0,2000,13,13
CUST00507,41,41,1,0,2000,7,7
CUST00508,38,38,1,0,2000,5,5
CUST00509,155,157,2,0,2000,13,13
CUST00510,163,165,2,0,2000,15,15
CUST00511,120,124,2,0,2000,8,8
CUST00512,54,57,2,0,2000,9,9
CUST00513,127,132,2,0,2000,9,9
CUST00514,161,165,2,0,2000,7,7
CUST00515,187,192,2,0,2000,8,8
CUST00516,458,640,10,0,2000,4,3
CUST00517,103,104,2,0,2000,7,7
CUST00518,87,90,2,0,2000,12,12
CUST00519,115,116,2,0,2000,9,9
CUST00520,197,210,2,0,2000,9,9
CUST00521,160,167,2,0,2000,15,15
CUST00522,139,140,2,0,2000,10,10
CUST00523,175,177,2,0,2000,14,14
CUST00524,185,193,3,0,2000,10,10
CUST00525,141,143,2,0,2000,11,11
CUST00526,134,137,2,0,2000,12,12
CUST00527,32,32,1,0,2000,6,6
CUST00528,191,202,2,0,2000,11,11
CUST00529,101,102,2,0,2000,7,7
CUST00530,62,62,1,0,2000,10,10
CUST00531,87,89,2,0,2000,14,14
CUST00532,165,168,2,0,2000,12,12
CUST00533,81,84,2,0,2000,13,13
CUST00534,121,122,2,0,2000,8,8
CUST00535,252,275,2,0,2000,13,13
CUST00536,193,204,2,0,2000,12,12
CUST00537,58,59,2,0,2000,8,8
CUST00538,251,265,3,0,2000,13,13
CUST00539,213,222,2,0,2000,8,8
CUST00540,242,264,3,0,2000,7,7
CUST00541,140,143,2,0,2000,14,14
CUST00542,181,189,2,0,2000,7,7
CUST00543,51,53,2,0,2000,9,9
CUST00544,272,291,2,0,2000,11,11
CUST00545,152,154,2,0,2000,12,12
CUST00546,118,120,2,0,2000,10,10
CUST00547,578,923,13,0,2000,4,3
CUST00548,221,238,2,0,2000,13,13
CUST00549,142,144,2,0,2000,9,9
CUST00550,209,221,2,0,2000,9,9
CUST00551,30,30,1,0,2000,5,5
CUST00552,129,132,2,0,2000,9,9
CUST00553,76,77,2,0,2000,10,10
CUST00554,80,82,2,0,2000,14,14
CUST00555,174,182,2,0,2000,6,6
CUST00556,122,123,2,0,2000,9,9
CUST00557,133,138,2,0,2000,7,7
CUST00558,202,218,2,0,2000,6,6
CUST00559,103,104,2,0,2000,7,7
CUST00560,113,115,2,0,2000,6,6
CUST00561,48,48,1,0,2000,7,7
CUST00562,64,66,2,0,2000,9,9
CUST00563,154,157,2,0,2000,13,13
CUST00564,44,44,1,0,2000,6,6
CUST00565,114,117,2,0,2000,6,6
CUST00566,147,150,2,0,2000,11,11
CUST00567,59,60,2,0,2000,10,10
CUST00568,550,807,12,0,2000,4,3
CUST00569,124,126,2,0,2000,7,7
CUST00570,145,147,2,0,2000,11,11
CUST00571,258,286,2,0,2000,11,11
CUST00572,538,818,10,0,2000,4,3
CUST00573,213,226,2,0,2000,11,11
CUST00574,157,159,2,0,2000,14,14
CUST00575,122,123,2,0,2000,8,8
CUST00576,285,300,2,0,2000,13,13
CUST00577,104,106,2,0,2000,15,15
CUST00578,121,123,2,0,2000,9,9
CUST00579,355,557,10,0,2000,4,3
CUST00580,108,113,2,0,2000,8,8
CUST00581,30,30,1,0,2000,5,5
CUST00582,41,42,2,0,2000,7,7
CUST00583,63,64,2,0,2000,10,10
CUST00584,50,50,1,0,2000,8,8
CUST00585,109,111,2,0,2000,11,11
CUST00586,133,133,1,0,2000,7,7
CUST00587,211,228,3,0,2000,8,8
CUST00588,43,43,1,0,2000,6,6
CUST00589,141,144,2,0,2000,14,14
CUST00590,152,160,2,0,2000,13,13
CUST00591,148,153,2,0,2000,12,12
CUST00592,98,100,2,0,2000,11,11
CUST00593,54,54,1,0,2000,9,9
CUST00594,36,36,1,0,2000,6,6
CUST00595,157,161,2,0,2000,13,13
CUST00596,110,110,1,0,2000,5,5
CUST00597,157,162,2,0,2000,12,12
CUST00598,41,41,1,0,2000,8,8
CUST00599,393,453,3,0,2000,14,14
CUST00600,111,113,2,0,2000,5,5
CUST00601,105,106,2,0,2000,6,6
CUST00602,49,49,1,0,2000,8,8
CUST00603,328,374,4,0,2000,14,14
CUST00604,83,84,2,0,2000,5,5
CUST00605,62,63,2,0,2000,10,10
CUST00606,156,162,2,0,2000,13,13
CUST00607,144,152,2,0,2000,12,12
CUST00608,307,332,2,0,2000,15,15
CUST00609,73,74,2,0,2000,11,11
CUST00610,154,159,2,0,2000,14,14
CUST00611,165,166,2,0,2000,11,11
CUST00612,77,77,1,0,2000,9,9
CUST00613,23,23,1,0,2000,5,5
CUST00614,127,130,2,0,2000,10,10
CUST00615,39,39,1,0,2000,5,5
CUST00616,44,44,1,0,2000,7,7
CUST00617,99,99,1,0,2000,14,14
CUST00618,95,95,1,0,2000,5,5
CUST00619,245,259,3,0,2000,15,15
CUST00620,93,94,2,0,2000,13,13
CUST00621,60,60,1,0,2000,12,12
CUST00622,30,30,1,0,2000,6,6
CUST00623,150,157,2,0,2000,13,13
CUST00624,221,235,2,0,2000,13,13
CUST00625,166,171,2,0,2000,15,15
CUST00626,216,236,2,0,2000,15,14
CUST00627,71,72,2,0,2000,15,15
CUST00628,132,134,2,0,2000,6,6
CUST00629,106,107,2,0,2000,15,15
CUST00630,39,39,1,0,2000,6,6
CUST00631,271,294,3,0,2000,12,12
CUST00632,167,177,2,0,2000,5,5
CUST00633,166,168,2,0,2000,15,15
CUST00634,116,120,2,0,2000,9,9
CUST00635,113,113,1,0,2000,11,11
CUST00636,518,777,12,0,2000,4,3
CUST00637,184,193,2,0,2000,12,12
CUST00638,148,153,2,0,2000,13,13
CUST00639,262,301,4,0,2000,13,13
CUST00640,89,92,2,0,2000,14,14
CUST00641,32,32,1,0,2000,5,5
CUST00642,33,33,1,0,2000,6,6
CUST00643,142,144,2,0,2000,10,10
CUST00644,374,514,10,0,2000,4,3
CUST00645,131,135,2,0,2000,8,8
CUST00646,126,129,2,0,2000,10,10
CUST00647,41,41,1,0,2000,7,7
CUST00648,415,561,9,0,2000,4,3
CUST00649,103,104,2,0,2000,13,13
CUST00650,148,153,2,0,2000,13,13
CUST00651,153,157,2,0,2000,11,11
CUST00652,84,86,2,0,2000,5,5
CUST00653,91,93,2,0,2000,15,15
CUST00654,49,49,1,0,2000,9,9
CUST00655,529,842,11,0,2000,4,3
CUST00656,206,219,2,0,2000,9,9
CUST00657,152,155,2,0,2000,14,14
CUST00658,65,67,2,0,2000,11,11
CUST00659,44,44,1,0,2000,7,7
CUST00660,35,35,1,0,2000,6,6
CUST00661,169,174,2,0,2000,13,13
CUST00662,223,239,2,0,2000,15,15
CUST00663,109,112,2,0,2000,7,7
CUST00664,48,48,1,0,2000,8,8
CUST00665,110,111,2,0,2000,9,9
CUST00666,174,176,2,0,2000,14,14
CUST00667,131,136,2,0,2000,11,11
CUST00668,174,178,2,0,2000,14,14
CUST00669,241,256,3,0,2000,15,15
CUST00670,35,36,2,0,2000,7,7
CUST00671,102,103,2,0,2000,5,5
CUST00672,232,250,3,0,2000,13,13
CUST00673,190,207,2,0,2000,14,14
CUST00674,92,93,2,0,2000,14,14
CUST00675,188,200,2,0,2000,7,7
CUST00676,167,169,2,0,2000,14,14
CUST00677,213,233,2,0,2000,11,11
CUST00678,201,216,2,0,2000,12,12
CUST00679,179,186,2,0,2000,7,7
CUST00680,92,94,2,0,2000,13,13
CUST00681,150,155,3,0,2000,9,9
CUST00682,144,148,2,0,2000,10,10
CUST00683,48,48,1,0,2000,7,7
CUST00684,103,103,1,0,2000,8,8
CUST00685,58,58,1,0,2000,9,9
CUST00686,211,221,2,0,2000,13,13
CUST00687,204,221,3,0,2000,15,15
CUST00688,213,230,2,0,2000,11,11
CUST00689,323,362,3,0,2000,12,12
CUST00690,448,637,12,0,2000,4,3
CUST00691,138,138,1,0,2000,10,10
CUST00692,211,222,3,0,2000,14,14
CUST00693,147,151,2,0,2000,15,15
CUST00694,214,225,2,0,2000,15,15
CUST00695,84,87,2,0,2000,13,14
CUST00696,104,105,2,0,2000,6,6
CUST00697,120,123,2,0,2000,9,9
CUST00698,51,51,1,0,2000,8,8
CUST00699,138,139,2,0,2000,10,10
CUST00700,59,59,1,0,2000,8,8
CUST00701,201,215,2,0,2000,14,14
CUST00702,206,215,2,0,2000,10,10
CUST00703,46,47,2,0,2000,8,8
CUST00704,185,189,2,0,2000,11,11
CUST00705,43,43,1,0,2000,8,8
CUST00706,113,113,1,0,2000,6,6
CUST00707,138,141,2,0,2000,9,9
CUST00708,35,35,1,0,2000,5,5
CUST00709,134,137,2,0,2000,10,10
CUST00710,445,607,10,0,2000,4,3
CUST00711,112,114,2,0,2000,7,7
CUST00712,82,84,3,0,2000,12,12
CUST00713,55,55,1,0,2000,10,10
CUST00714,501,732,11,0,2000,4,3
CUST00715,128,131,2,0,2000,8,8
CUST00716,88,89,2,0,2000,5,5
CUST00717,92,94,2,0,2000,12,12
CUST00718,264,298,3,0,2000,15,15
CUST00719,36,37,2,0,2000,5,5
CUST00720,65,66,2,0,2000,10,10
CUST00721,36,38,2,0,2000,7,7
CUST00722,207,217,2,0,2000,11,11
CUST00723,56,57,2,0,2000,9,9
CUST00724,30,30,1,0,2000,6,6
CUST00725,217,229,2,0,2000,13,13
CUST00726,219,231,2,0,2000,14,14
CUST00727,36,38,2,0,2000,6,6
CUST00728,473,721,12,0,2000,4,3
CUST00729,135,136,2,0,2000,7,7
CUST00730,112,113,2,0,2000,9,9
CUST00731,36,36,1,0,2000,6,6
CUST00732,134,135,2,0,2000,9,9
CUST00733,69,70,2,0,2000,10,10
CUST00734,210,239,3,0,2000,6,6
CUST00735,128,132,2,0,2000,10,10
CUST00736,476,691,12,0,2000,4,3
CUST00737,166,167,2,0,2000,14,14
CUST00738,219,240,3,0,2000,7,7
CUST00739,111,111,1,0,2000,5,5
CUST00740,325,369,4,0,2000,15,15
CUST00741,42,43,2,0,2000,6,6
CUST00742,117,119,2,0,2000,15,15
CUST00743,153,157,2,0,2000,14,14
CUST00744,142,142,1,0,2000,13,13
CUST00745,121,123,2,0,2000,9,9
CUST00746,156,162,2,0,2000,15,15
CUST00747,112,115,2,0,2000,9,9
CUST00748,73,74,2,0,2000,9,9
CUST00749,162,170,3,0,2000,14,14
CUST00750,98,99,2,0,2000,5,5
CUST00751,217,233,3,0,2000,12,12
CUST00752,240,252,3,0,2000,15,15
CUST00753,190,201,2,0,2000,9,9
CUST00754,286,316,3,0,2000,15,15
CUST00755,150,154,2,0,2000,15,15
CUST00756,43,43,1,0,2000,6,6
CUST00757,321,361,3,0,2000,15,15
CUST00758,47,48,2,0,2000,7,7
CUST00759,28,28,1,0,2000,5,5
CUST00760,129,133,2,0,2000,9,9
CUST00761,36,36,1,0,2000,6,6
CUST00762,72,75,2,0,2000,10,10
CUST00763,159,167,2,0,2000,15,15
CUST00764,107,111,3,0,2000,6,6
CUST00765,99,102,2,0,2000,14,14
CUST00766,29,31,2,0,2000,5,5
CUST00767,225,240,3,0,2000,13,13
CUST00768,157,164,3,0,2000,13,13
CUST00769,163,171,2,0,2000,14,14
CUST00770,280,309,3,0,2000,12,12
CUST00771,109,112,2,0,2000,6,6
CUST00772,37,37,1,0,2000,6,6
CUST00773,116,117,2,0,2000,7,7
CUST00774,230,248,2,0,2000,15,15
CUST00775,270,299,3,0,2000,11,11
CUST00776,121,121,1,0,2000,6,6
CUST00777,195,204,2,0,2000,10,9
CUST00778,41,41,1,0,2000,8,8
CUST00779,189,200,2,0,2000,10,10
CUST00780,181,192,2,0,2000,10,10
CUST00781,134,138,2,0,2000,12,12
CUST00782,342,387,3,0,2000,14,14
CUST00783,186,202,3,0,2000,12,12
CUST00784,98,100,2,0,2000,5,5
CUST00785,216,227,2,0,2000,13,13
CUST00786,72,73,2,0,2000,13,13
CUST00787,184,189,2,0,2000,11,11
CUST00788,85,86,2,0,2000,14,14
CUST00789,36,36,1,0,2000,6,6
CUST00790,34,35,2,0,2000,6,6
CUST00791,72,73,2,0,2000,13,13
CUST00792,54,55,2,0,2000,9,9
CUST00793,159,163,2,0,2000,14,14
CUST00794,79,81,2,0,2000,12,12
CUST00795,182,193,2,0,2000,7,7
CUST00796,83,86,2,0,2000,12,12
CUST00797,140,143,2,0,2000,13,13
CUST00798,190,203,2,0,2000,12,12
CUST00799,96,98,2,0,2000,5,5
CUST00800,279,302,3,0,2000,14,14
CUST00801,133,144,2,0,2000,6,6
CUST00802,33,33,1,0,2000,5,5
CUST00803,360,410,3,0,2000,15,15
CUST00804,106,108,2,0,2000,6,6
CUST00805,211,224,4,0,2000,11,10
CUST00806,154,157,2,0,2000,15,15
CUST00807,188,200,3,0,2000,10,10
CUST00808,282,311,3,0,2000,14,14
CUST00809,43,45,2,0,2000,6,6
CUST00810,202,212,3,0,2000,9,9
CUST00811,268,301,3,0,2000,15,15
CUST00812,136,141,2,0,2000,11,11
CUST00813,48,48,1,0,2000,8,8
CUST00814,44,44,1,0,2000,5,5
CUST00815,74,74,1,0,2000,11,11
CUST00816,168,171,2,0,2000,14,14
CUST00817,120,122,2,0,2000,8,8
CUST00818,83,85,2,0,2000,12,12
CUST00819,95,96,2,0,2000,11,11
CUST00820,115,117,2,0,2000,6,6
CUST00821,53,55,2,0,2000,8,8
CUST00822,137,140,2,0,2000,10,10
CUST00823,62,63,2,0,2000,11,11
CUST00824,153,154,2,0,2000,15,15
CUST00825,52,52,1,0,2000,9,9
CUST00826,122,124,2,0,2000,6,6
CUST00827,49,49,1,0,2000,9,9
CUST00828,54,54,1,0,2000,8,8
CUST00829,59,61,2,0,2000,12,12
CUST00830,179,185,2,0,2000,11,11
CUST00831,36,36,1,0,2000,7,7
CUST00832,228,240,2,0,2000,12,12
CUST00833,121,125,2,0,2000,10,10
CUST00834,85,85,1,0,2000,15,15
CUST00835,59,59,1,0,2000,9,9
CUST00836,62,62,1,0,2000,10,10
CUST00837,73,74,2,0,2000,15,15
CUST00838,87,89,2,0,2000,15,15
CUST00839,166,172,3,0,2000,15,15
CUST00840,120,125,2,0,2000,7,7
CUST00841,443,641,10,0,2000,4,3
CUST00842,135,139,2,0,2000,11,11
CUST00843,134,135,2,0,2000,8,8
CUST00844,129,130,2,0,2000,10,9
CUST00845,199,208,2,0,2000,12,12
CUST00846,55,55,1,0,2000,11,11
CUST00847,603,931,11,0,2000,4,3
CUST00848,187,196,2,0,2000,9,9
CUST00849,139,143,2,0,2000,11,11
CUST00850,115,119,2,0,2000,7,7
CUST00851,44,45,2,0,2000,7,7
CUST00852,153,161,2,0,2000,12,12
CUST00853,153,163,2,0,2000,5,5
CUST00854,104,106,2,0,2000,6,6
CUST00855,138,140,2,0,2000,11,11
CUST00856,100,103,3,0,2000,15,15
CUST00857,210,218,2,0,2000,14,14
CUST00858,225,234,2,0,2000,14,14
CUST00859,129,129,1,0,2000,7,7
CUST00860,46,47,2,0,2000,7,7
CUST00861,36,37,2,0,2000,6,6
CUST00862,561,853,11,0,2000,4,3
CUST00863,82,83,2,0,2000,14,14
CUST00864,139,140,2,0,2000,12,12
CUST00865,36,36,1,0,2000,6,6
CUST00866,176,192,2,0,2000,5,5
CUST00867,72,72,1,0,2000,11,11
CUST00868,37,38,2,0,2000,8,8
CUST00869,83,86,2,0,2000,15,15
CUST00870,84,84,1,0,2000,13,13
CUST00871,133,135,2,0,2000,12,12
CUST00872,175,187,2,0,2000,9,9
CUST00873,128,129,2,0,2000,8,8
CUST00874,160,162,2,0,2000,5,5
CUST00875,63,63,1,0,2000,9,9
CUST00876,84,86,2,0,2000,13,13
CUST00877,224,246,2,0,2000,14,14
CUST00878,168,169,2,0,2000,13,13
CUST00879,22,22,1,0,2000,6,6
CUST00880,227,238,2,0,2000,15,15
CUST00881,207,215,3,0,2000,14,14
CUST00882,134,136,2,0,2000,10,9
CUST00883,118,121,2,0,2000,12,12
CUST00884,157,163,2,0,2000,14,14
CUST00885,50,50,1,0,2000,7,7
CUST00886,35,35,1,0,2000,7,7
CUST00887,148,151,2,0,2000,14,14
CUST00888,213,228,2,0,2000,15,15
CUST00889,321,372,4,0,2000,13,13
CUST00890,113,113,1,0,2000,6,6
CUST00891,126,128,2,0,2000,8,8
CUST00892,68,69,2,0,2000,12,12
CUST00893,246,286,3,0,2000,11,11
CUST00894,41,41,1,0,2000,9,9
CUST00895,215,232,3,0,2000,13,13
CUST00896,80,85,3,0,2000,14,14
CUST00897,59,60,2,0,2000,10,10
CUST00898,57,57,1,0,2000,7,7
CUST00899,268,288,3,0,2000,14,14
CUST00900,57,58,2,0,2000,10,10
CUST00901,53,55,2,0,2000,7,7
CUST00902,96,96,1,0,2000,5,5
CUST00903,178,182,2,0,2000,15,15
CUST00904,130,131,2,0,2000,7,7
CUST00905,164,167,2,0,2000,15,15
CUST00906,76,77,2,0,2000,12,12
CUST00907,165,170,2,0,2000,13,13
CUST00908,51,51,1,0,2000,7,7
CUST00909,63,63,1,0,2000,10,10
CUST00910,26,27,2,0,2000,5,5
CUST00911,147,150,2,0,2000,12,12
CUST00912,75,77,2,0,2000,9,9
CUST00913,44,44,1,0,2000,8,8
CUST00914,148,148,1,0,2000,13,13
CUST00915,44,44,1,0,2000,8,8
CUST00916,241,262,3,0,2000,15,15
CUST00917,122,127,2,0,2000,12,12
CUST00918,615,896,11,0,2000,4,3
CUST00919,145,148,2,0,2000,11,11
CUST00920,146,153,2,0,2000,15,15
CUST00921,117,118,2,0,2000,8,8
CUST00922,596,978,12,0,2000,4,3
CUST00923,120,125,2,0,2000,11,11
CUST00924,154,154,1,0,2000,14,14
CUST00925,149,151,2,0,2000,13,13
CUST00926,171,184,2,0,2000,7,7
CUST00927,100,102,2,0,2000,7,7
CUST00928,249,278,2,0,2000,12,12
CUST00929,119,122,2,0,2000,10,10
CUST00930,282,316,3,0,2000,7,7
CUST00931,217,228,2,0,2000,11,11
CUST00932,280,309,3,0,2000,12,13
CUST00933,607,940,12,0,2000,4,3
CUST00934,474,738,10,0,2000,4,3
CUST00935,421,599,11,0,2000,4,3
CUST00936,131,132,2,0,2000,10,10
CUST00937,121,121,1,0,2000,8,8
CUST00938,137,140,2,0,2000,11,11
CUST00939,57,57,1,0,2000,10,10
CUST00940,422,624,10,0,2000,4,3
CUST00941,62,63,2,0,2000,11,11
CUST00942,56,56,1,0,2000,7,7
CUST00943,268,298,3,0,2000,13,13
CUST00944,49,49,1,0,2000,8,8
CUST00945,127,128,2,0,2000,11,11
CUST00946,81,81,1,0,2000,13,13
CUST00947,43,44,2,0,2000,7,7
CUST00948,112,115,2,0,2000,7,7
CUST00949,206,221,3,0,2000,12,12
CUST00950,29,29,1,0,2000,5,5
CUST00951,320,352,3,0,2000,9,9
CUST00952,183,197,2,0,2000,6,6
CUST00953,60,60,1,0,2000,8,8
CUST00954,104,105,2,0,2000,6,6
CUST00955,113,118,2,0,2000,9,9
CUST00956,163,175,3,0,2000,14,14
CUST00957,209,226,2,0,2000,15,15
CUST00958,42,42,1,0,2000,7,7
CUST00959,572,905,11,0,2000,4,3
CUST00960,211,224,2,0,2000,12,12
CUST00961,117,118,2,0,2000,7,7
CUST00962,43,45,2,0,2000,7,7
CUST00963,208,220,2,0,2000,11,11
CUST00964,161,165,2,0,2000,13,13
CUST00965,100,101,2,0,2000,8,8
CUST00966,102,103,2,0,2000,7,7
CUST00967,95,98,2,0,2000,15,15
CUST00968,40,42,2,0,2000,7,7
CUST00969,138,142,2,0,2000,8,8
CUST00970,296,343,3,0,2000,11,11
CUST00971,93,94,2,0,2000,15,15
CUST00972,113,116,2,0,2000,7,7
CUST00973,219,235,2,0,2000,13,13
CUST00974,117,122,2,0,2000,8,8
CUST00975,49,53,2,0,2000,8,8
CUST00976,174,177,2,0,2000,15,15
CUST00977,373,428,3,0,2000,12,12
CUST00978,271,289,2,0,2000,15,15
CUST00979,254,277,3,0,2000,7,7
CUST00980,172,176,2,0,2000,15,15
CUST00981,152,160,3,0,2000,10,10
CUST00982,75,77,2,0,2000,9,9
CUST00983,112,117,2,0,2000,9,9
CUST00984,75,75,1,0,2000,14,14
CUST00985,23,23,1,0,2000,5,5
CUST00986,109,112,2,0,2000,15,15
CUST00987,128,130,2,0,2000,10,10
CUST00988,63,63,1,0,2000,9,9
CUST00989,299,330,3,0,2000,14,14
CUST00990,31,32,2,0,2000,5,5
CUST00991,186,199,2,0,2000,9,9
CUST00992,171,183,3,0,2000,9,9
CUST00993,69,69,1,0,2000,14,14
CUST00994,179,181,2,0,2000,15,15
CUST00995,91,94,2,0,2000,15,15
CUST00996,235,267,3,0,2000,15,15
CUST00997,102,105,2,0,2000,7,7
CUST00998,25,25,1,0,2000,5,5
CUST00999,35,35,1,0,2000,6,5
CUST01000,112,114,2,0,2000,6,6
CUST01001,96,97,2,0,2000,5,5
CUST01002,183,196,3,0,2000,9,9
CUST01003,193,204,2,0,2000,10,10
CUST01004,92,96,2,0,2000,14,14
CUST01005,102,103,2,0,2000,7,7
CUST01006,217,233,2,0,2000,13,13
CUST01007,49,49,1,0,2000,8,8
CUST01008,156,161,2,0,2000,14,14
CUST01009,252,273,2,0,2000,11,11
CUST01010,64,65,2,0,2000,11,10
CUST01011,180,186,2,0,2000,9,9
CUST01012,42,42,1,0,2000,6,6
CUST01013,466,668,10,0,2000,4,3
CUST01014,46,46,1,0,2000,6,6
CUST01015,54,55,2,0,2000,10,10
CUST01016,64,65,2,0,2000,10,10
CUST01017,152,157,3,0,2000,12,12
CUST01018,57,58,2,0,2000,10,10
CUST01019,58,58,1,0,2000,9,9
CUST01020,284,304,3,0,2000,14,14
CUST01021,99,102,2,0,2000,6,6
CUST01022,37,37,1,0,2000,7,7
CUST01023,122,124,2,0,2000,8,8
CUST01024,42,42,1,0,2000,6,6
CUST01025,124,126,2,0,2000,8,8
CUST01026,222,235,2,0,2000,6,6
CUST01027,285,309,3,0,2000,15,15
CUST01028,64,65,2,0,2000,11,11
CUST01029,64,65,2,0,2000,10,10
CUST01030,110,113,2,0,2000,7,7
CUST01031,498,745,12,0,2000,4,3
CUST01032,133,137,2,0,2000,11,11
CUST01033,212,224,2,0,2000,9,9
CUST01034,48,48,1,0,2000,5,5
CUST01035,140,144,2,0,2000,10,10
CUST01036,97,99,2,0,2000,14,14
CUST01037,84,84,1,0,2000,13,13
CUST01038,193,201,2,0,2000,9,9
CUST01039,237,263,3,0,2000,12,12
CUST01040,127,128,2,0,2000,9,9
CUST01041,191,200,2,0,2000,7,7
CUST01042,159,167,2,0,2000,13,13
CUST01043,239,250,2,0,2000,13,13
CUST01044,266,287,2,0,2000,12,12
CUST01045,81,82,2,0,2000,11,11
CUST01046,64,68,3,0,2000,9,9
CUST01047,209,224,2,0,2000,12,12
CUST01048,190,200,2,0,2000,6,6
CUST01049,167,168,2,0,2000,15,15
CUST01050,132,133,2,0,2000,11,11
CUST01051,53,54,2,0,2000,7,7
CUST01052,90,92,2,0,2000,14,14
CUST01053,124,126,2,0,2000,8,8
CUST01054,40,40,1,0,2000,6,6
CUST01055,124,128,2,0,2000,8,8
CUST01056,208,216,2,0,2000,11,11
CUST01057,113,116,2,0,2000,10,10
CUST01058,511,727,13,0,2000,4,3
CUST01059,113,114,2,0,2000,15,15
CUST01060,208,220,3,0,2000,10,10
CUST01061,151,153,2,0,2000,12,12
CUST01062,96,97,2,0,2000,5,5
CUST01063,178,188,2,0,2000,8,8
CUST01064,137,139,2,0,2000,9,9
CUST01065,136,138,2,0,2000,10,10
CUST01066,68,71,2,0,2000,10,10
CUST01067,48,48,1,0,2000,8,8
CUST01068,51,53,2,0,2000,10,10
CUST01069,128,128,1,0,2000,8,8
CUST01070,124,125,2,0,2000,9,9
CUST01071,113,114,2,0,2000,9,9
CUST01072,192,203,2,0,2000,12,12
CUST01073,71,74,2,0,2000,13,13
CUST01074,179,192,2,0,2000,10,10
CUST01075,174,187,2,0,2000,14,14
CUST01076,37,37,1,0,2000,7,7
CUST01077,440,589,9,0,2000,4,3
CUST01078,147,149,2,0,2000,13,13
CUST01079,107,108,2,0,2000,10,10
CUST01080,152,156,2,0,2000,13,12
CUST01081,285,308,2,0,2000,14,14
CUST01082,42,42,1,0,2000,8,8
CUST01083,62,63,2,0,2000,9,9
CUST01084,31,31,1,0,2000,5,5
CUST01085,33,34,2,0,2000,5,5
CUST01086,108,115,2,0,2000,15,15
CUST01087,173,180,2,0,2000,7,7
CUST01088,121,122,2,0,2000,5,5
CUST01089,262,286,3,0,2000,11,11
CUST01090,283,310,3,0,2000,15,15
CUST01091,124,127,2,0,2000,14,15
CUST01092,48,49,2,0,2000,6,6
CUST01093,162,169,2,0,2000,15,15
CUST01094,37,37,1,0,2000,6,6
CUST01095,228,240,3,0,2000,14,14
CUST01096,124,126,2,0,2000,10,10
CUST01097,118,119,2,0,2000,8,8
CUST01098,210,225,3,0,2000,8,8
CUST01099,47,49,2,0,2000,6,6
CUST01100,67,69,2,0,2000,10,10
CUST01101,45,47,2,0,2000,8,8
CUST01102,501,728,12,0,2000,4,3
CUST01103,156,164,3,0,2000,15,15
CUST01104,142,146,2,0,2000,9,9
CUST01105,112,115,2,0,2000,6,6
CUST01106,39,40,2,0,2000,8,8
CUST01107,166,169,2,0,2000,15,15
CUST01108,163,169,2,0,2000,15,15
CUST01109,71,73,2,0,2000,11,11
CUST01110,154,158,2,0,2000,15,15
CUST01111,211,222,2,0,2000,15,15
CUST01112,151,156,2,0,2000,13,13
CUST01113,156,164,2,0,2000,15,15
CUST01114,153,156,2,0,2000,12,12
CUST01115,351,398,3,0,2000,15,15
CUST01116,152,153,2,0,2000,15,15
CUST01117,141,141,1,0,2000,9,9
CUST01118,113,114,2,0,2000,9,9
CUST01119,31,31,1,0,2000,5,5
CUST01120,106,107,2,0,2000,15,15
CUST01121,137,141,2,0,2000,12,12
CUST01122,157,163,2,0,2000,12,12
CUST01123,205,219,2,0,2000,13,13
CUST01124,142,142,1,0,2000,10,10
CUST01125,60,62,2,0,2000,9,9
CUST01126,97,100,2,0,2000,7,7
CUST01127,125,125,1,0,2000,9,9
CUST01128,134,136,2,0,2000,11,11
CUST01129,66,67,2,0,2000,12,12
CUST01130,266,290,3,0,2000,13,13
CUST01131,198,211,2,0,2000,11,11
CUST01132,171,181,2,0,2000,7,7
CUST01133,138,142,2,0,2000,13,13
CUST01134,222,237,2,0,2000,13,13
CUST01135,57,58,2,0,2000,8,8
CUST01136,40,40,1,0,2000,8,8
CUST01137,180,184,2,0,2000,12,12
CUST01138,90,92,2,0,2000,13,13
CUST01139,176,187,2,0,2000,6,6
CUST01140,97,100,2,0,2000,5,5
CUST01141,103,106,2,0,2000,6,6
CUST01142,48,48,1,0,2000,7,7
CUST01143,37,37,1,0,2000,5,5
CUST01144,253,277,3,0,2000,10,10
CUST01145,322,464,9,0,2000,4,3
CUST01146,117,122,2,0,2000,13,13
CUST01147,35,35,1,0,2000,7,7
CUST01148,152,156,2,0,2000,11,11
CUST01149,113,118,2,0,2000,7,7
CUST01150,175,185,2,0,2000,9,9
CUST01151,76,79,2,0,2000,14,14
CUST01152,195,207,2,0,2000,13,13
CUST01153,197,204,2,0,2000,11,11
CUST01154,66,67,2,0,2000,12,12
CUST01155,540,818,10,0,2000,4,3
CUST01156,74,75,2,0,2000,11,11
CUST01157,111,114,2,0,2000,5,5
CUST01158,53,54,2,0,2000,8,8
CUST01159,123,126,2,0,2000,9,9
CUST01160,110,111,2,0,2000,6,6
CUST01161,247,276,3,0,2000,9,9
CUST01162,156,161,2,0,2000,14,14
CUST01163,53,53,1,0,2000,8,8
CUST01164,62,63,2,0,2000,10,10
CUST01165,90,94,2,0,2000,13,13
CUST01166,121,121,1,0,2000,10,10
CUST01167,153,154,2,0,2000,10,10
CUST01168,359,412,4,0,2000,15,15
CUST01169,163,168,2,0,2000,15,15
CUST01170,146,147,2,0,2000,13,13
CUST01171,128,129,2,0,2000,11,11
CUST01172,75,76,2,0,2000,12,12
CUST01173,51,52,2,0,2000,8,8
CUST01174,35,37,2,0,2000,7,7
CUST01175,32,32,1,0,2000,5,5
CUST01176,30,30,1,0,2000,6,6
CUST01177,114,116,2,0,2000,7,7
CUST01178,235,255,2,0,2000,9,9
CUST01179,83,83,1,0,2000,13,13
CUST01180,159,172,2,0,2000,8,8
CUST01181,141,144,2,0,2000,9,9
CUST01182,212,225,2,0,2000,13,13
CUST01183,142,145,2,0,2000,12,12
CUST01184,41,41,1,0,2000,8,8
CUST01185,140,142,3,0,2000,9,9
CUST01186,110,111,2,0,2000,5,5
CUST01187,89,89,1,0,2000,14,14
CUST01188,112,113,2,0,2000,7,7
CUST01189,80,80,1,0,2000,14,14
CUST01190,33,33,1,0,2000,6,6
CUST01191,203,219,2,0,2000,12,12
CUST01192,111,114,2,0,2000,5,5
CUST01193,84,85,2,0,2000,15,15
CUST01194,122,128,2,0,2000,12,12
CUST01195,91,95,2,0,2000,13,13
CUST01196,558,813,10,0,2000,4,3
CUST01197,127,130,2,0,2000,11,11
CUST01198,92,96,2,0,2000,12,12
CUST01199,157,162,2,0,2000,15,15
CUST01200,104,105,2,0,2000,5,5
CUST01201,28,28,1,0,2000,5,5
CUST01202,43,44,2,0,2000,8,8
CUST01203,145,148,3,0,2000,10,10
CUST01204,544,786,11,0,2000,4,3
CUST01205,365,427,4,0,2000,13,13
CUST01206,158,161,3,0,2000,14,14
CUST01207,144,150,2,0,2000,7,7
CUST01208,125,126,2,0,2000,6,6
CUST01209,78,81,2,0,2000,15,15
CUST01210,103,103,1,0,2000,7,7
CUST01211,216,231,2,0,2000,12,12
CUST01212,142,145,2,0,2000,9,9
CUST01213,154,155,2,0,2000,15,15
CUST01214,158,168,2,0,2000,7,7
CUST01215,44,44,1,0,2000,7,7
CUST01216,548,849,11,0,2000,4,3
CUST01217,130,134,2,0,2000,11,11
CUST01218,48,48,1,0,2000,7,7
CUST01219,242,257,2,0,2000,15,15
CUST01220,149,154,2,0,2000,8,8
CUST01221,79,80,2,0,2000,12,12
CUST01222,37,37,1,0,2000,5,5
CUST01223,105,106,2,0,2000,7,7
CUST01224,79,80,2,0,2000,13,13
CUST01225,40,40,1,0,2000,7,7
CUST01226,143,145,2,0,2000,12,12
CUST01227,192,195,3,0,2000,15,15
CUST01228,120,124,2,0,2000,7,7
CUST01229,173,183,2,0,2000,6,6
CUST01230,104,105,2,0,2000,5,5
CUST01231,170,179,2,0,2000,9,9
CUST01232,188,201,2,0,2000,11,11
CUST01233,186,194,2,0,2000,7,7
CUST01234,198,203,2,0,2000,8,8
CUST01235,188,201,3,0,2000,6,6
CUST01236,234,244,2,0,2000,12,12
CUST01237,26,26,1,0,2000,5,5
CUST01238,125,129,2,0,2000,10,10
CUST01239,217,234,2,0,2000,15,15
CUST01240,27,28,2,0,2000,5,5
CUST01241,113,115,2,0,2000,7,7
CUST01242,209,220,2,0,2000,13,13
CUST01243,142,145,2,0,2000,12,12
CUST01244,45,45,1,0,2000,7,7
CUST01245,123,130,2,0,2000,7,7
CUST01246,153,156,2,0,2000,14,14
CUST01247,164,173,2,0,2000,14,14
CUST01248,36,36,1,0,2000,7,7
CUST01249,218,231,2,0,2000,13,13
CUST01250,217,230,3,0,2000,14,14
CUST01251,188,194,2,0,2000,8,8
CUST01252,130,133,2,0,2000,11,11
CUST01253,134,137,2,0,2000,8,8
CUST01254,193,212,2,0,2000,9,9
CUST01255,110,115,2,0,2000,7,7
CUST01256,157,162,2,0,2000,11,11
CUST01257,26,26,1,0,2000,5,5
CUST01258,192,201,2,0,2000,11,11
CUST01259,200,207,2,0,2000,12,12
CUST01260,122,127,2,0,2000,9,9
CUST01261,209,222,2,0,2000,13,13
CUST01262,118,122,2,0,2000,10,10
CUST01263,86,88,2,0,2000,12,12
CUST01264,94,95,2,0,2000,5,5
CUST01265,146,150,2,0,2000,14,14
CUST01266,49,51,2,0,2000,8,8
CUST01267,588,835,10,0,2000,4,3
CUST01268,54,55,2,0,2000,8,8
CUST01269,65,66,2,0,2000,10,10
CUST01270,34,34,1,0,2000,8,8
CUST01271,174,179,3,0,2000,15,15
CUST01272,31,31,1,0,2000,5,5
CUST01273,192,208,2,0,2000,10,10
CUST01274,77,78,2,0,2000,12,12
CUST01275,249,266,3,0,2000,9,9
CUST01276,207,217,2,0,2000,14,14
CUST01277,69,70,2,0,2000,9,9
CUST01278,38,38,1,0,2000,6,6
CUST01279,37,37,1,0,2000,5,5
CUST01280,199,215,2,0,2000,9,9
CUST01281,110,111,2,0,2000,6,6
CUST01282,46,46,1,0,2000,7,7
CUST01283,119,119,1,0,2000,8,8
CUST01284,39,39,1,0,2000,7,7
CUST01285,113,113,1,0,2000,8,8
CUST01286,101,102,2,0,2000,5,5
CUST01287,163,181,3,0,2000,6,6
CUST01288,45,45,1,0,2000,9,9
CUST01289,100,101,2,0,2000,7,7
CUST01290,184,191,2,0,2000,13,13
CUST01291,22,22,1,0,2000,5,5
CUST01292,221,236,2,0,2000,13,13
CUST01293,76,79,2,0,2000,14,14
CUST01294,56,56,1,0,2000,8,8
CUST01295,204,217,2,0,2000,10,10
CUST01296,87,89,2,0,2000,13,13
CUST01297,111,111,1,0,2000,7,8
CUST01298,147,148,2,0,2000,12,12
CUST01299,180,185,2,0,2000,9,9
CUST01300,133,144,3,0,2000,11,11
CUST01301,511,778,11,0,2000,4,3
CUST01302,29,29,1,0,2000,5,5
CUST01303,144,150,2,0,2000,14,14
CUST01304,176,181,2,0,2000,5,5
CUST01305,37,38,2,0,2000,6,6
CUST01306,157,161,2,0,2000,13,13
CUST01307,264,290,3,0,2000,13,12
CUST01308,138,138,1,0,2000,9,9
CUST01309,36,36,1,0,2000,6,6
CUST01310,54,54,1,0,2000,7,7
CUST01311,89,90,2,0,2000,15,15
CUST01312,48,48,1,0,2000,6,6
CUST01313,153,157,2,0,2000,12,12
CUST01314,97,98,2,0,2000,5,5
CUST01315,57,57,1,0,2000,9,9
CUST01316,211,226,3,0,2000,12,12
CUST01317,56,58,2,0,2000,9,9
CUST01318,126,128,2,0,2000,12,12
CUST01319,284,312,3,0,2000,13,13
CUST01320,524,744,10,0,2000,4,3
CUST01321,136,141,2,0,2000,12,12
CUST01322,267,295,2,0,2000,13,13
CUST01323,115,118,2,0,2000,8,8
CUST01324,156,169,2,0,2000,7,7
CUST01325,199,206,2,0,2000,13,13
CUST01326,292,324,3,0,2000,15,15
CUST01327,220,237,2,0,2000,5,5
CUST01328,219,236,2,0,2000,12,12
CUST01329,422,590,11,0,2000,4,3
CUST01330,331,378,3,0,2000,15,15
CUST01331,125,134,2,0,2000,11,11
CUST01332,114,117,2,0,2000,8,8
CUST01333,36,36,1,0,2000,5,5
CUST01334,143,148,2,0,2000,12,12
CUST01335,175,184,2,0,2000,5,5
CUST01336,165,172,2,0,2000,13,13
CUST01337,47,47,1,0,2000,7,7
CUST01338,38,40,2,0,2000,6,6
CUST01339,212,224,2,0,2000,12,12
CUST01340,175,185,2,0,2000,8,8
CUST01341,115,117,2,0,2000,6,6
CUST01342,205,215,2,0,2000,12,12
CUST01343,295,330,3,0,2000,13,13
CUST01344,188,191,2,0,2000,15,15
CUST01345,471,691,10,0,2000,4,3
CUST01346,207,218,2,0,2000,12,12
CUST01347,215,237,3,0,2000,15,15
CUST01348,218,237,3,0,2000,14,14
CUST01349,45,46,2,0,2000,6,6
CUST01350,33,33,1,0,2000,5,5
CUST01351,128,131,2,0,2000,7,7
CUST01352,76,77,2,0,2000,11,11
CUST01353,56,56,1,0,2000,10,10
CUST01354,105,105,1,0,2000,5,5
CUST01355,161,164,2,0,2000,14,14
CUST01356,51,51,1,0,2000,7,7
CUST01357,48,48,1,0,2000,8,8
CUST01358,278,307,3,0,2000,14,14
CUST01359,69,70,2,0,2000,12,12
CUST01360,205,217,3,0,2000,12,12
CUST01361,42,45,2,0,2000,8,8
CUST01362,269,309,3,0,2000,12,12
CUST01363,211,224,3,0,2000,13,13
CUST01364,97,101,2,0,2000,6,6
CUST01365,319,431,11,0,2000,4,3
CUST01366,141,145,2,0,2000,15,15
CUST01367,21,21,1,0,2000,5,5
CUST01368,130,133,2,0,2000,7,7
CUST01369,146,154,2,0,2000,5,5
CUST01370,25,25,1,0,2000,5,5
CUST01371,94,95,2,0,2000,4,5
CUST01372,51,51,1,0,2000,8,8
CUST01373,29,30,2,0,2000,5,5
CUST01374,90,92,2,0,2000,14,14
CUST01375,273,297,3,0,2000,15,15
CUST01376,157,167,2,0,2000,7,7
CUST01377,132,136,2,0,2000,7,7
CUST01378,84,84,1,0,2000,14,14
CUST01379,173,176,2,0,2000,14,14
CUST01380,401,623,10,0,2000,4,3
CUST01381,411,558,11,0,2000,4,3
CUST01382,47,47,1,0,2000,6,6
CUST01383,142,150,2,0,2000,13,13
CUST01384,139,140,2,0,2000,12,12
CUST01385,73,76,2,0,2000,14,14
CUST01386,95,97,2,0,2000,15,15
CUST01387,107,111,2,0,2000,8,8
CUST01388,308,479,9,0,2000,4,3
CUST01389,170,178,2,0,2000,5,5
CUST01390,173,182,2,0,2000,6,6
CUST01391,566,861,11,0,2000,4,3
CUST01392,149,152,2,0,2000,14,14
CUST01393,154,159,2,0,2000,10,10
CUST01394,61,61,1,0,2000,10,10
CUST01395,48,48,1,0,2000,8,8
CUST01396,120,121,2,0,2000,6,6
CUST01397,186,195,2,0,2000,12,11
CUST01398,533,785,10,0,2000,4,3
CUST01399,95,97,2,0,2000,5,5
CUST01400,126,127,2,0,2000,9,9
CUST01401,88,90,2,0,2000,14,14
CUST01402,79,81,2,0,2000,11,11
CUST01403,160,162,2,0,2000,13,13
CUST01404,149,150,2,0,2000,12,12
CUST01405,29,29,1,0,2000,5,5
CUST01406,175,181,2,0,2000,13,13
CUST01407,565,820,11,0,2000,4,3
CUST01408,72,73,2,0,2000,10,10
CUST01409,127,129,2,0,2000,10,10
CUST01410,121,123,2,0,2000,8,8
CUST01411,129,132,2,0,2000,11,11
CUST01412,121,123,2,0,2000,8,8
CUST01413,99,100,2,0,2000,6,6
CUST01414,107,108,2,0,2000,7,7
CUST01415,118,121,3,0,2000,8,8
CUST01416,66,68,2,0,2000,12,12
CUST01417,160,166,3,0,2000,15,15
CUST01418,299,334,3,0,2000,15,15
CUST01419,131,131,1,0,2000,9,9
CUST01420,263,295,3,0,2000,14,14
CUST01421,128,132,2,0,2000,10,10
CUST01422,112,114,2,0,2000,7,7
CUST01423,63,63,1,0,2000,11,11
CUST01424,61,62,2,0,2000,12,12
CUST01425,131,134,2,0,2000,8,8
CUST01426,157,161,2,0,2000,13,13
CUST01427,63,64,2,0,2000,12,12
CUST01428,171,181,2,0,2000,5,5
CUST01429,34,34,1,0,2000,6,6
CUST01430,33,34,2,0,2000,5,5
CUST01431,511,759,11,0,2000,4,3
CUST01432,45,45,1,0,2000,7,7
CUST01433,277,307,3,0,2000,15,15
CUST01434,75,77,2,0,2000,12,12
CUST01435,149,153,2,0,2000,13,13
CUST01436,82,83,2,0,2000,5,5
CUST01437,91,93,2,0,2000,6,6
CUST01438,82,84,2,0,2000,13,13
CUST01439,159,164,2,0,2000,14,14
CUST01440,118,120,2,0,2000,9,9
CUST01441,93,95,2,0,2000,14,14
CUST01442,176,188,2,0,2000,9,9
CUST01443,57,59,2,0,2000,8,8
CUST01444,134,135,2,0,2000,12,12
CUST01445,76,78,2,0,2000,11,11
CUST01446,111,112,2,0,2000,7,7
CUST01447,42,42,1,0,2000,7,7
CUST01448,210,216,2,0,2000,14,14
CUST01449,100,101,2,0,2000,5,5
CUST01450,84,85,2,0,2000,13,13
CUST01451,429,645,11,0,2000,3,3
CUST01452,84,85,2,0,2000,13,13
CUST01453,183,193,2,0,2000,11,11
CUST01454,221,234,2,0,2000,14,14
CUST01455,55,57,2,0,2000,10,10
CUST01456,120,121,2,0,2000,8,8
CUST01457,87,89,2,0,2000,14,14
CUST01458,69,69,1,0,2000,12,12
CUST01459,138,141,2,0,2000,15,15
CUST01460,35,36,2,0,2000,6,6
CUST01461,55,55,1,0,2000,9,9
CUST01462,45,45,1,0,2000,10,10
CUST01463,57,57,1,0,2000,8,8
CUST01464,217,227,2,0,2000,13,14
CUST01465,102,103,2,0,2000,15,15
CUST01466,410,593,11,0,2000,4,3
CUST01467,132,135,2,0,2000,11,11
CUST01468,381,445,5,0,2000,14,14
CUST01469,126,129,3,0,2000,11,11
CUST01470,230,245,2,0,2000,15,15
CUST01471,167,172,2,0,2000,6,6
CUST01472,25,25,1,0,2000,6,6
CUST01473,634,957,12,0,2000,4,3
CUST01474,176,184,2,0,2000,14,14
CUST01475,42,42,1,0,2000,8,8
CUST01476,202,214,2,0,2000,13,13
CUST01477,131,133,2,0,2000,11,11
CUST01478,160,163,2,0,2000,12,12
CUST01479,252,270,3,0,2000,15,15
CUST01480,43,43,1,0,2000,7,7
CUST01481,173,188,2,0,2000,8,8
CUST01482,109,109,1,0,2000,6,6
CUST01483,158,160,2,0,2000,15,15
CUST01484,50,50,1,0,2000,8,8
CUST01485,33,34,2,0,2000,5,5
CUST01486,219,237,3,0,2000,8,8
CUST01487,91,94,2,0,2000,13,12
CUST01488,185,196,2,0,2000,9,9
CUST01489,71,71,1,0,2000,13,13
CUST01490,140,143,2,0,2000,12,12
CUST01491,78,79,2,0,2000,11,11
CUST01492,99,104,2,0,2000,13,13
CUST01493,42,42,1,0,2000,5,5
CUST01494,44,44,1,0,2000,7,7
CUST01495,622,993,11,0,2000,4,3
CUST01496,109,111,2,0,2000,8,8
CUST01497,71,75,2,0,2000,12,12
CUST01498,87,88,2,0,2000,12,12
CUST01499,114,115,2,0,2000,7,7
CUST01500,67,68,2,0,2000,10,10
CUST01501,59,60,2,0,2000,14,14
CUST01502,124,125,2,0,2000,11,11
CUST01503,56,57,2,0,2000,8,8
CUST01504,238,257,3,0,2000,11,11
CUST01505,233,244,2,0,2000,12,12
CUST01506,203,217,2,0,2000,12,12
CUST01507,214,223,2,0,2000,15,15
CUST01508,133,136,2,0,2000,9,9
CUST01509,165,166,2,0,2000,14,14
CUST01510,166,173,3,0,2000,14,14
CUST01511,332,377,4,0,2000,15,15
CUST01512,114,114,1,0,2000,8,8
CUST01513,52,52,1,0,2000,8,8
CUST01514,526,778,11,0,2000,4,3
CUST01515,137,142,2,0,2000,10,10
CUST01516,126,128,2,0,2000,10,10
CUST01517,634,958,12,0,2000,4,3
CUST01518,54,54,1,0,2000,9,9
CUST01519,232,251,3,0,2000,12,12
CUST01520,82,86,2,0,2000,15,15
CUST01521,224,233,2,0,2000,13,13
CUST01522,217,236,2,0,2000,15,15
CUST01523,65,65,1,0,2000,9,9
CUST01524,225,237,2,0,2000,15,15
CUST01525,130,133,2,0,2000,9,9
CUST01526,96,97,2,0,2000,5,5
CUST01527,231,243,3,0,2000,12,12
CUST01528,89,90,2,0,2000,14,14
CUST01529,94,97,2,0,2000,15,15
CUST01530,76,77,2,0,2000,13,13
CUST01531,200,220,2,0,2000,11,11
CUST01532,120,122,2,0,2000,8,8
CUST01533,321,369,3,0,2000,14,14
CUST01534,58,61,2,0,2000,10,10
CUST01535,60,61,2,0,2000,11,11
CUST01536,144,149,2,0,2000,13,13
CUST01537,93,97,2,0,2000,15,15
CUST01538,288,316,3,0,2000,15,15
CUST01539,47,47,1,0,2000,8,8
CUST01540,121,123,2,0,2000,9,9
CUST01541,153,157,2,0,2000,12,12
CUST01542,88,91,2,0,2000,15,15
CUST01543,111,116,2,0,2000,10,10
CUST01544,153,159,2,0,2000,10,10
CUST01545,75,75,1,0,2000,10,10
CUST01546,301,346,4,0,2000,15,15
CUST01547,27,27,1,0,2000,6,6
CUST01548,452,628,10,0,2000,4,3
CUST01549,439,623,10,0,2000,4,3
CUST01550,158,166,2,0,2000,13,13
CUST01551,37,37,1,0,2000,6,6
CUST01552,210,223,2,0,2000,12,12
CUST01553,136,137,2,0,2000,11,11
CUST01554,120,121,2,0,2000,9,9
CUST01555,421,636,11,0,2000,4,3
CUST01556,467,714,11,0,2000,4,3
CUST01557,95,95,1,0,2000,7,7
CUST01558,134,135,2,0,2000,9,10
CUST01559,192,201,2,0,2000,10,10
CUST01560,105,107,2,0,2000,5,5
CUST01561,118,121,2,0,2000,7,7
CUST01562,495,732,12,0,2000,4,3
CUST01563,50,53,2,0,2000,10,10
CUST01564,156,158,2,0,2000,14,14
CUST01565,205,218,3,0,2000,15,15
CUST01566,81,82,2,0,2000,12,12
CUST01567,94,94,1,0,2000,5,5
CUST01568,144,149,2,0,2000,12,12
CUST01569,36,36,1,0,2000,5,5
CUST01570,148,152,2,0,2000,12,12
CUST01571,43,43,1,0,2000,7,7
CUST01572,129,131,2,0,2000,13,13
CUST01573,371,537,10,0,2000,4,3
CUST01574,90,93,2,0,2000,14,14
CUST01575,604,914,12,0,2000,4,3
CUST01576,31,31,1,0,2000,6,6
CUST01577,66,67,2,0,2000,11,11
CUST01578,177,186,2,0,2000,6,6
CUST01579,123,125,2,0,2000,11,11
CUST01580,248,272,3,0,2000,10,10
CUST01581,113,113,1,0,2000,10,10
CUST01582,148,156,2,0,2000,14,14
CUST01583,199,210,2,0,2000,13,13
CUST01584,161,169,2,0,2000,7,7
CUST01585,201,217,3,0,2000,12,12
CUST01586,123,125,2,0,2000,7,7
CUST01587,56,56,1,0,2000,9,9
CUST01588,228,248,3,0,2000,7,7
CUST01589,197,207,2,0,2000,11,11
CUST01590,147,150,2,0,2000,13,13
CUST01591,38,39,2,0,2000,7,7
CUST01592,289,315,3,0,2000,12,12
CUST01593,80,83,3,0,2000,14,14
CUST01594,39,39,1,0,2000,5,5
CUST01595,103,104,2,0,2000,14,13
CUST01596,40,40,1,0,2000,5,5
CUST01597,368,529,11,0,2000,4,3
CUST01598,304,332,3,0,2000,11,11
CUST01599,114,114,1,0,2000,7,7
CUST01600,159,163,2,0,2000,11,11
CUST01601,34,34,1,0,2000,5,5
CUST01602,32,32,1,0,2000,7,7
CUST01603,78,79,2,0,2000,11,11
CUST01604,116,116,1,0,2000,6,6
CUST01605,51,51,1,0,2000,7,7
CUST01606,67,67,1,0,2000,11,11
CUST01607,219,234,2,0,2000,13,13
CUST01608,200,212,2,0,2000,12,12
CUST01609,44,45,2,0,2000,7,7
CUST01610,69,69,1,0,2000,10,10
CUST01611,47,47,1,0,2000,7,7
CUST01612,214,222,2,0,2000,15,15
CUST01613,116,118,2,0,2000,10,10
CUST01614,124,127,2,0,2000,9,9
CUST01615,109,111,2,0,2000,7,7
CUST01616,194,202,2,0,2000,9,9
CUST01617,108,109,2,0,2000,6,6
CUST01618,129,130,2,0,2000,12,12
CUST01619,77,78,2,0,2000,13,13
CUST01620,228,242,3,0,2000,12,12
CUST01621,124,127,2,0,2000,8,8
CUST01622,210,223,3,0,2000,6,6
CUST01623,146,151,2,0,2000,12,12
CUST01624,150,153,2,0,2000,13,13
CUST01625,217,231,2,0,2000,12,12
CUST01626,137,141,2,0,2000,11,11
CUST01627,46,46,1,0,2000,8,8
CUST01628,52,52,1,0,2000,7,7
CUST01629,260,287,3,0,2000,12,12
CUST01630,151,154,2,0,2000,12,12
CUST01631,73,73,1,0,2000,11,11
CUST01632,183,192,2,0,2000,8,8
CUST01633,92,94,2,0,2000,11,11
CUST01634,241,260,3,0,2000,14,14
CUST01635,192,200,2,0,2000,7,7
CUST01636,162,166,2,0,2000,15,15
CUST01637,470,689,12,0,2000,4,3
CUST01638,142,144,2,0,2000,14,14
CUST01639,154,156,2,0,2000,12,12
CUST01640,54,54,1,0,2000,6,6
CUST01641,228,241,4,0,2000,14,14
CUST01642,39,39,1,0,2000,6,6
CUST01643,157,166,2,0,2000,7,7
CUST01644,551,826,11,0,2000,4,3
CUST01645,112,114,2,0,2000,8,8
CUST01646,80,83,2,0,2000,12,12
CUST01647,49,49,1,0,2000,10,10
CUST01648,54,54,1,0,2000,8,8
CUST01649,35,35,1,0,2000,5,5
CUST01650,42,42,1,0,2000,6,6
CUST01651,53,54,2,0,2000,6,6
CUST01652,117,120,2,0,2000,6,6
CUST01653,61,62,2,0,2000,9,9
CUST01654,278,295,3,0,2000,13,13
CUST01655,106,106,1,0,2000,6,6
CUST01656,285,308,2,0,2000,13,13
CUST01657,78,80,2,0,2000,13,13
CUST01658,179,187,2,0,2000,8,8
CUST01659,54,55,2,0,2000,8,8
CUST01660,218,232,2,0,2000,11,11
CUST01661,210,217,2,0,2000,11,11
CUST01662,130,131,2,0,2000,10,10
CUST01663,259,280,2,0,2000,15,15
CUST01664,51,51,1,0,2000,8,8
CUST01665,141,148,2,0,2000,12,12
CUST01666,119,120,2,0,2000,8,8
CUST01667,46,47,2,0,2000,6,6
CUST01668,105,106,2,0,2000,6,6
CUST01669,124,124,1,0,2000,9,9
CUST01670,214,228,2,0,2000,15,15
CUST01671,89,92,2,0,2000,5,5
CUST01672,28,28,1,0,2000,5,5
CUST01673,30,30,1,0,2000,6,6
CUST01674,174,180,3,0,2000,13,13
CUST01675,192,197,2,0,2000,10,10
CUST01676,298,336,3,0,2000,12,12
CUST01677,69,71,2,0,2000,11,11
CUST01678,43,44,2,0,2000,8,8
CUST01679,103,103,1,0,2000,11,11
CUST01680,123,126,2,0,2000,7,7
CUST01681,161,167,2,0,2000,11,11
CUST01682,56,56,1,0,2000,8,8
CUST01683,64,65,2,0,2000,10,10
CUST01684,30,30,1,0,2000,6,6
CUST01685,119,120,2,0,2000,10,10
CUST01686,82,83,2,0,2000,15,15
CUST01687,113,116,2,0,2000,6,7
CUST01688,146,155,2,0,2000,12,12
CUST01689,106,109,2,0,2000,6,6
CUST01690,31,31,1,0,2000,5,5
CUST01691,111,114,3,0,2000,8,8
CUST01692,242,267,3,0,2000,10,10
CUST01693,235,250,2,0,2000,6,6
CUST01694,40,40,1,0,2000,7,7
CUST01695,147,152,3,0,2000,13,13
CUST01696,132,133,2,0,2000,13,13
CUST01697,165,177,2,0,2000,9,9
CUST01698,133,135,2,0,2000,10,10
CUST01699,79,79,1,0,2000,11,11
CUST01700,132,137,2,0,2000,12,12
CUST01701,57,57,1,0,2000,10,10
CUST01702,109,113,2,0,2000,5,5
CUST01703,89,89,1,0,2000,15,15
CUST01704,39,39,1,0,2000,8,8
CUST01705,123,127,2,0,2000,10,10
CUST01706,29,29,1,0,2000,5,5
CUST01707,118,121,2,0,2000,14,14
CUST01708,233,251,3,0,2000,12,12
CUST01709,166,173,2,0,2000,15,15
CUST01710,114,116,2,0,2000,7,7
CUST01711,157,159,2,0,2000,13,13
CUST01712,43,43,1,0,2000,7,7
CUST01713,65,66,2,0,2000,12,12
CUST01714,247,267,3,0,2000,11,11
CUST01715,142,146,2,0,2000,12,12
CUST01716,85,88,2,0,2000,15,15
CUST01717,192,204,2,0,2000,7,7
CUST01718,166,175,3,0,2000,6,6
CUST01719,142,148,2,0,2000,6,6
CUST01720,138,139,2,0,2000,12,12
CUST01721,127,128,2,0,2000,8,8
CUST01722,201,210,2,0,2000,11,11
CUST01723,236,245,2,0,2000,13,13
CUST01724,95,95,1,0,2000,5,5
CUST01725,116,117,2,0,2000,6,6
CUST01726,201,205,2,0,2000,13,13
CUST01727,110,111,2,0,2000,6,6
CUST01728,153,159,2,0,2000,6,6
CUST01729,102,102,1,0,2000,5,5
CUST01730,213,223,2,0,2000,14,14
CUST01731,222,233,2,0,2000,15,15
CUST01732,134,136,2,0,2000,10,10
CUST01733,248,263,2,0,2000,14,14
CUST01734,104,108,2,0,2000,15,15
CUST01735,125,127,2,0,2000,11,11
CUST01736,535,800,11,0,2000,4,3
CUST01737,154,157,2,0,2000,15,15
CUST01738,77,78,2,0,2000,10,10
CUST01739,202,226,3,0,2000,10,10
CUST01740,413,639,10,0,2000,4,3
CUST01741,34,34,1,0,2000,7,7
CUST01742,35,35,1,0,2000,5,5
CUST01743,57,59,2,0,2000,8,8
CUST01744,196,207,2,0,2000,10,10
CUST01745,263,290,2,0,2000,13,13
CUST01746,47,49,3,0,2000,9,9
CUST01747,128,133,3,0,2000,11,11
CUST01748,164,168,3,0,2000,14,14
CUST01749,104,105,2,0,2000,6,6
CUST01750,212,224,2,0,2000,11,11
CUST01751,41,42,2,0,2000,6,6
CUST01752,125,126,2,0,2000,10,10
CUST01753,186,194,2,0,2000,12,12
CUST01754,115,118,2,0,2000,7,7
CUST01755,153,158,2,0,2000,11,11
CUST01756,128,132,2,0,2000,12,12
CUST01757,214,229,2,0,2000,14,14
CUST01758,86,86,1,0,2000,12,12
CUST01759,133,135,2,0,2000,9,9
CUST01760,67,68,2,0,2000,11,11
CUST01761,114,116,2,0,2000,7,7
CUST01762,203,212,2,0,2000,9,9
CUST01763,139,142,2,0,2000,9,9
CUST01764,240,255,2,0,2000,15,15
CUST01765,112,112,1,0,2000,7,7
CUST01766,191,201,2,0,2000,9,9
CUST01767,44,44,1,0,2000,7,7
CUST01768,201,221,2,0,2000,11,11
CUST01769,122,123,2,0,2000,5,5
CUST01770,127,129,2,0,2000,8,8
CUST01771,149,152,2,0,2000,11,11
CUST01772,100,102,2,0,2000,5,5
CUST01773,148,150,2,0,2000,14,14
CUST01774,222,239,2,0,2000,15,15
CUST01775,164,173,2,0,2000,15,15
CUST01776,151,155,2,0,2000,13,13
CUST01777,59,59,1,0,2000,9,9
CUST01778,66,67,2,0,2000,10,10
CUST01779,288,315,2,0,2000,14,14
CUST01780,149,153,2,0,2000,11,11
CUST01781,125,130,2,0,2000,9,9
CUST01782,87,89,2,0,2000,14,14
CUST01783,182,194,2,0,2000,8,8
CUST01784,221,237,2,0,2000,12,12
CUST01785,125,127,2,0,2000,10,10
CUST01786,139,142,2,0,2000,12,12
CUST01787,108,111,2,0,2000,5,5
CUST01788,114,115,2,0,2000,7,7
CUST01789,58,58,1,0,2000,10,10
CUST01790,273,304,3,0,2000,14,14
CUST01791,259,286,3,0,2000,13,13
CUST01792,643,988,14,0,2000,4,3
CUST01793,161,161,1,0,2000,13,13
CUST01794,155,162,2,0,2000,12,12
CUST01795,124,129,2,0,2000,10,10
CUST01796,536,806,11,0,2000,4,3
CUST01797,126,126,1,0,2000,10,10
CUST01798,151,159,3,0,2000,15,15
CUST01799,144,147,2,0,2000,11,11
CUST01800,126,129,2,0,2000,10,10
CUST01801,305,344,3,0,2000,12,12
CUST01802,163,168,2,0,2000,13,13
CUST01803,246,266,3,0,2000,15,15
CUST01804,23,23,1,0,2000,5,5
CUST01805,291,329,3,0,2000,15,15
CUST01806,94,94,1,0,2000,15,15
CUST01807,105,105,1,0,2000,6,6
CUST01808,41,41,1,0,2000,7,7
CUST01809,184,196,2,0,2000,6,6
CUST01810,117,120,2,0,2000,10,10
CUST01811,214,225,2,0,2000,13,13
CUST01812,116,117,2,0,2000,9,9
CUST01813,53,54,2,0,2000,8,8
CUST01814,154,160,2,0,2000,14,14
CUST01815,271,294,3,0,2000,13,13
CUST01816,183,194,2,0,2000,12,12
CUST01817,243,260,3,0,2000,8,8
CUST01818,147,147,1,0,2000,9,9
CUST01819,123,127,2,0,2000,11,11
CUST01820,82,86,2,0,2000,15,15
CUST01821,42,42,1,0,2000,7,7
CUST01822,104,105,2,0,2000,13,13
CUST01823,85,88,2,0,2000,14,14
CUST01824,160,161,2,0,2000,13,13
CUST01825,55,57,2,0,2000,8,8
CUST01826,95,96,2,0,2000,7,7
CUST01827,35,36,2,0,2000,5,5
CUST01828,29,30,2,0,2000,7,7
CUST01829,59,60,2,0,2000,7,7
CUST01830,86,88,2,0,2000,15,15
CUST01831,120,123,2,0,2000,7,7
CUST01832,144,151,2,0,2000,14,14
CUST01833,131,131,1,0,2000,9,9
CUST01834,655,1011,12,0,2000,4,3
CUST01835,110,114,2,0,2000,5,5
CUST01836,459,662,10,0,2000,4,3
CUST01837,142,148,3,0,2000,12,12
CUST01838,139,144,3,0,2000,13,13
CUST01839,379,545,10,0,2000,4,3
CUST01840,194,206,2,0,2000,10,9
CUST01841,144,149,2,0,2000,12,12
CUST01842,203,216,2,0,2000,11,11
CUST01843,65,70,2,0,2000,10,10
CUST01844,84,86,2,0,2000,15,15
CUST01845,72,77,3,0,2000,11,11
CUST01846,161,169,4,0,2000,11,11
CUST01847,153,156,2,0,2000,14,14
CUST01848,163,170,2,0,2000,14,14
CUST01849,175,185,2,0,2000,9,9
CUST01850,66,66,1,0,2000,11,11
CUST01851,191,200,2,0,2000,9,9
CUST01852,57,58,2,0,2000,9,9
CUST01853,159,160,2,0,2000,13,13
CUST01854,227,243,2,0,2000,13,13
CUST01855,69,70,2,0,2000,11,11
CUST01856,175,182,2,0,2000,15,15
CUST01857,159,164,2,0,2000,14,14
CUST01858,122,125,2,0,2000,5,5
CUST01859,55,55,1,0,2000,7,7
CUST01860,141,144,2,0,2000,11,11
CUST01861,104,106,2,0,2000,6,6
CUST01862,67,70,2,0,2000,13,13
CUST01863,139,140,2,0,2000,10,10
CUST01864,279,305,3,0,2000,14,14
CUST01865,185,192,2,0,2000,10,11
CUST01866,100,103,2,0,2000,6,6
CUST01867,283,310,3,0,2000,15,15
CUST01868,48,48,1,0,2000,6,6
CUST01869,55,56,2,0,2000,8,8
CUST01870,100,100,1,0,2000,6,6
CUST01871,329,366,3,0,2000,14,14
CUST01872,127,127,1,0,2000,8,8
CUST01873,49,49,1,0,2000,8,8
CUST01874,125,130,2,0,2000,9,9
CUST01875,25,25,1,0,2000,5,5
CUST01876,109,114,2,0,2000,6,6
CUST01877,53,54,2,0,2000,9,9
CUST01878,181,190,2,0,2000,6,6
CUST01879,256,278,3,0,2000,11,11
CUST01880,102,104,2,0,2000,7,7
CUST01881,563,856,10,0,2000,4,3
CUST01882,66,69,2,0,2000,14,14
CUST01883,76,78,2,0,2000,13,13
CUST01884,74,76,2,0,2000,15,15
CUST01885,82,83,2,0,2000,13,13
CUST01886,103,106,2,0,2000,15,15
CUST01887,131,133,2,0,2000,7,7
CUST01888,216,232,2,0,2000,12,12
CUST01889,220,237,2,0,2000,13,13
CUST01890,81,83,2,0,2000,15,15
CUST01891,32,32,1,0,2000,5,5
CUST01892,144,147,2,0,2000,11,11
CUST01893,153,155,2,0,2000,12,12
CUST01894,190,198,2,0,2000,11,11
CUST01895,474,729,11,0,2000,4,3
CUST01896,419,586,10,0,2000,4,3
CUST01897,25,25,1,0,2000,5,5
CUST01898,211,231,3,0,2000,10,10
CUST01899,521,739,11,0,2000,4,3
CUST01900,41,41,1,0,2000,6,6
CUST01901,100,100,1,0,2000,7,7
CUST01902,54,54,1,0,2000,9,9
CUST01903,145,150,2,0,2000,13,13
CUST01904,28,28,1,0,2000,5,5
CUST01905,308,355,4,0,2000,12,12
CUST01906,154,160,2,0,2000,15,15
CUST01907,180,193,2,0,2000,6,6
CUST01908,138,140,2,0,2000,9,9
CUST01909,41,41,1,0,2000,4,5
CUST01910,236,245,3,0,2000,15,15
CUST01911,48,49,2,0,2000,5,5
CUST01912,141,142,2,0,2000,13,13
CUST01913,85,88,2,0,2000,14,14
CUST01914,69,70,2,0,2000,10,10
CUST01915,228,243,2,0,2000,15,15
CUST01916,254,276,3,0,2000,9,9
CUST01917,73,76,3,0,2000,11,11
CUST01918,43,43,1,0,2000,5,5
CUST01919,461,720,11,0,2000,4,3
CUST01920,93,95,2,0,2000,7,7
CUST01921,112,113,2,0,2000,9,9
CUST01922,199,212,2,0,2000,9,9
CUST01923,66,67,2,0,2000,11,11
CUST01924,570,926,13,0,2000,4,3
CUST01925,28,28,1,0,2000,5,5
CUST01926,140,146,2,0,2000,13,13
CUST01927,75,76,2,0,2000,12,12
CUST01928,216,224,2,0,2000,15,15
CUST01929,217,234,3,0,2000,12,12
CUST01930,61,63,3,0,2000,8,8
CUST01931,219,230,2,0,2000,10,10
CUST01932,505,735,13,0,2000,4,3
CUST01933,36,36,1,0,2000,8,8
CUST01934,39,40,2,0,2000,5,5
CUST01935,224,235,2,0,2000,13,13
CUST01936,166,172,2,0,2000,15,15
CUST01937,104,105,2,0,2000,5,5
CUST01938,98,100,2,0,2000,8,8
CUST01939,81,82,2,0,2000,14,14
CUST01940,113,117,2,0,2000,5,5
CUST01941,54,55,2,0,2000,9,9
CUST01942,226,247,2,0,2000,7,7
CUST01943,229,242,3,0,2000,13,13
CUST01944,225,237,2,0,2000,14,14
CUST01945,94,95,2,0,2000,7,7
CUST01946,283,315,4,0,2000,10,10
CUST01947,86,88,2,0,2000,14,14
CUST01948,174,181,2,0,2000,7,7
CUST01949,180,186,2,0,2000,15,15
CUST01950,28,29,2,0,2000,5,5
CUST01951,107,107,1,0,2000,5,5
CUST01952,137,138,2,0,2000,11,11
CUST01953,216,224,2,0,2000,15,15
CUST01954,144,148,2,0,2000,12,12
CUST01955,162,170,2,0,2000,5,5
CUST01956,173,176,2,0,2000,15,15
CUST01957,230,253,2,0,2000,10,10
CUST01958,154,159,2,0,2000,13,13
CUST01959,97,99,2,0,2000,7,7
CUST01960,207,224,2,0,2000,13,13
CUST01961,158,161,2,0,2000,14,14
CUST01962,111,111,1,0,2000,5,5
CUST01963,68,71,2,0,2000,11,11
CUST01964,112,112,1,0,2000,6,6
CUST01965,112,115,2,0,2000,8,8
CUST01966,248,263,3,0,2000,15,15
CUST01967,253,275,2,0,2000,9,9
CUST01968,136,137,2,0,2000,11,11
CUST01969,71,72,2,0,2000,12,12
CUST01970,157,162,2,0,2000,14,14
CUST01971,68,69,2,0,2000,12,12
CUST01972,204,231,3,0,2000,12,12
CUST01973,69,72,2,0,2000,12,12
CUST01974,482,725,11,0,2000,4,3
CUST01975,179,185,2,0,2000,15,15
CUST01976,153,158,2,0,2000,15,15
CUST01977,80,82,2,0,2000,11,11
CUST01978,569,885,11,0,2000,4,3
CUST01979,138,140,2,0,2000,12,12
CUST01980,170,179,2,0,2000,8,8
CUST01981,128,128,1,0,2000,9,9
CUST01982,129,134,2,0,2000,13,13
CUST01983,57,58,2,0,2000,10,10
CUST01984,148,156,2,0,2000,5,5
CUST01985,130,134,2,0,2000,9,9
CUST01986,52,52,1,0,2000,10,10
CUST01987,218,228,2,0,2000,12,12
CUST01988,466,726,10,0,2000,4,3
CUST01989,140,142,2,0,2000,10,10
CUST01990,34,34,1,0,2000,7,7
CUST01991,112,113,2,0,2000,6,6
CUST01992,80,80,1,0,2000,14,14
CUST01993,112,113,2,0,2000,5,5
CUST01994,89,90,2,0,2000,7,7
CUST01995,263,291,3,0,2000,11,11
CUST01996,56,56,1,0,2000,9,9
CUST01997,149,152,2,0,2000,13,13
CUST01998,202,214,2,0,2000,14,14
CUST01999,72,74,2,0,2000,10,10
CUST02000,178,187,2,0,2000,6,6
